pt1_cam1_X,pt1_cam1_Y,pt2_cam1_X,pt2_cam1_Y,pt3_cam1_X,pt3_cam1_Y,pt4_cam1_X,pt4_cam1_Y,pt5_cam1_X,pt5_cam1_Y,pt6_cam1_X,pt6_cam1_Y,pt7_cam1_X,pt7_cam1_Y
388.914142,191.065615,313.624547,53.099795,382.924991,-150.459358,NaN,NaN,494.824856,119.900058,354.536324,166.331343,257.541453,85.558046
389.379508,189.622447,314.080000,53.610000,NaN,NaN,515.171677,75.480647,489.082051,124.988418,353.681214,167.676233,255.600856,88.567081
388.914142,189.622447,314.310000,54.600000,313.376704,55.838746,514.880000,75.160000,488.820000,125.260000,353.681214,168.470392,255.600856,90.573104
388.448775,190.344031,314.710000,55.550000,314.581980,56.305963,514.890000,75.140000,485.369222,130.661773,353.681214,169.860172,256.894587,91.576116
386.587310,191.065615,315.090000,57.030000,316.389895,58.642046,514.910000,75.130000,485.124102,131.041850,353.681214,169.860172,255.600856,93.080633
387.052676,191.065615,315.270000,58.040000,316.992533,59.109263,514.890000,75.310000,483.163137,131.802003,353.681214,170.058712,256.894587,95.086656
386.587310,192.147991,315.550000,58.950000,318.800447,61.445347,514.840000,75.120000,480.466811,134.082465,353.681214,170.058712,256.894587,95.086656
386.587310,194.673534,316.220000,60.050000,318.800447,64.248647,514.348441,77.585883,478.260726,135.982850,353.425127,170.852871,258.188319,96.591173
385.656577,196.477494,316.570000,61.030000,313.376704,64.715864,511.479354,81.886317,478.015606,135.792811,352.656869,172.441190,258.188319,96.591173
384.260478,196.838286,317.200000,62.050000,315.184619,66.584731,510.714264,84.407261,475.319279,138.833427,351.632525,174.823669,258.835184,97.092679
383.795112,196.116702,317.610000,63.000000,316.389895,69.388031,509.375357,88.114531,474.583918,139.213504,351.632525,174.823669,259.482050,99.098702
383.795112,197.199077,318.180000,64.100000,316.992533,69.855248,508.418994,85.741878,474.583918,134.272504,351.120353,177.007607,259.482050,99.098702
385.656577,198.642245,318.600000,65.050000,316.992533,73.125765,507.080087,84.258970,472.868074,135.032657,350.864267,181.375485,259.482050,99.098702
382.864379,198.642245,319.140000,66.050000,317.595171,74.060198,507.845177,81.738026,472.377833,135.602773,350.864267,180.581325,261.422647,101.104725
381.627360,198.505597,319.650000,67.080000,318.197809,75.461848,507.860000,81.690000,470.661989,135.602773,350.608181,181.375485,261.422647,101.104725
378.869633,197.935456,320.070000,68.140000,318.197809,76.396282,507.870000,81.510000,470.661989,135.602773,350.352094,182.169644,261.422647,101.104725
378.318088,198.220526,320.630000,69.060000,318.197809,76.396282,507.850000,81.560000,468.210783,135.792811,349.839922,183.360884,261.422647,102.107737
378.134239,198.648132,321.080000,70.110000,319.403085,77.330715,507.840000,82.030000,468.210783,136.552965,349.583836,184.353583,261.422647,102.107737
378.134239,199.930947,317.247380,74.165276,320.005724,78.265149,507.900000,82.020000,466.740060,137.693196,348.815578,185.346282,261.422647,103.110748
379.053482,201.213763,316.550000,76.250000,320.005724,79.199582,502.107003,85.890169,465.514457,137.313119,347.791234,186.338982,261.422647,103.110748
378.869633,203.066719,316.810000,78.190000,320.608362,81.535666,501.724458,89.300858,462.818131,134.842619,346.510803,188.324381,261.422647,103.110748
377.950391,204.064464,317.050000,79.700000,320.005724,83.404533,499.811733,89.449148,462.082769,135.222696,345.742545,189.515620,261.422647,103.110748
375.560361,204.919675,317.080000,81.210000,319.403085,84.338966,498.472826,90.783766,461.102287,135.602773,344.974287,190.905399,261.422647,103.612254
377.431896,205.308308,317.140000,82.570000,319.403085,84.338966,498.664098,90.487184,458.896202,136.362927,343.693856,193.486418,261.422647,103.612254
377.173651,205.708735,317.030000,84.200000,319.403085,85.740616,498.281553,91.525220,455.219393,136.362927,343.437770,193.684957,261.422647,104.615266
376.140670,207.110233,317.070000,85.690000,320.005724,89.011133,497.325191,92.859837,453.503549,137.313119,342.925598,196.067436,263.363245,107.624300
374.591198,207.911088,317.090000,87.330000,320.005724,90.880000,496.368828,93.601291,449.336500,137.883234,342.669512,197.854295,263.363245,107.624300
372.783481,208.711944,317.050000,88.570000,320.005724,90.880000,495.412466,94.639327,446.395053,138.453350,342.370000,199.590000,267.244439,109.128818
373.014443,210.451358,317.040000,90.260000,320.005724,90.880000,494.456104,95.825653,442.963365,139.023465,342.020000,201.050000,267.244439,109.128818
373.014443,210.985262,317.040000,91.680000,320.005724,91.347217,494.073559,96.418817,439.776798,140.353735,341.750156,202.863797,267.244439,109.128818
372.249136,211.729165,317.100000,93.260000,319.403085,94.150517,492.543379,91.821802,436.345110,141.493965,341.750156,202.863797,267.244439,110.131829
371.947187,211.807197,317.070000,94.740000,320.005724,96.019384,492.543379,91.821802,434.384146,141.874042,341.750156,202.863797,267.244439,111.636346
370.747225,213.928243,317.100000,96.110000,320.608362,99.757118,490.248109,93.601291,429.481735,143.204312,341.430410,204.599061,267.244439,111.636346
370.906276,216.147826,317.100000,97.710000,320.608362,101.158768,490.248109,93.601291,425.559806,144.154504,340.471170,206.086431,267.244439,112.639358
369.633866,217.997479,317.040000,99.050000,320.005724,102.093202,490.630654,93.453000,419.922033,144.534581,340.471170,206.086431,267.244439,112.639358
369.315764,217.134308,317.110000,100.230000,318.197809,105.830936,490.248109,93.749582,419.431792,144.724619,340.471170,206.830116,269.831902,114.143875
369.951969,217.627548,317.050000,100.970000,316.992533,109.101453,490.056837,94.046164,418.451309,147.955273,340.471170,208.317485,271.125633,115.648393
369.792917,218.490720,317.050000,102.100000,316.992533,111.437536,489.674292,94.491036,416.980586,148.335350,340.151423,209.804855,271.125633,115.648393
369.315764,218.244099,317.070000,103.140000,318.197809,113.306403,489.490000,94.160000,415.754983,149.475581,339.192184,211.788015,278.241157,117.654416
369.156712,218.120789,318.541249,113.086260,318.800447,113.773620,488.830000,94.000000,413.794019,150.425773,338.552691,213.771174,277.594291,118.155921
368.679558,218.244099,NaN,NaN,318.800447,112.839186,488.610000,94.020000,406.398228,152.966268,338.552691,215.010649,277.594291,119.660439
368.043353,218.120789,NaN,NaN,321.813638,111.437536,488.600000,94.040000,406.010877,155.669037,338.552691,216.498018,278.241157,120.663450
367.248097,217.257618,NaN,NaN,323.018914,111.437536,488.860000,94.000000,404.655149,158.221653,339.192184,218.233283,278.888022,121.666462
367.566199,216.764377,316.471059,121.913700,325.429467,113.773620,488.870000,94.010000,402.524718,161.224730,339.192184,219.968548,278.888022,121.666462
367.407148,215.531275,315.953512,125.926172,324.224190,113.773620,488.900000,94.000000,401.556341,164.227807,339.511930,221.455917,276.947425,123.170979
366.929994,215.038035,314.918416,127.129914,328.442657,117.978570,488.900000,93.990000,402.912069,169.483192,341.110663,224.430657,276.947425,123.170979
367.089046,213.681623,312.071905,130.941763,330.250572,119.847437,488.870000,94.010000,403.686771,175.639500,341.110663,225.918026,276.947425,123.170979
366.452841,217.257618,311.813131,133.148623,333.263762,124.519605,488.900000,94.000000,402.940402,176.688473,341.110663,226.661711,276.947425,123.170979
364.544225,216.517757,310.001714,134.954236,333.866400,125.454038,488.930000,94.030000,404.661962,180.425636,341.110663,226.661711,278.888022,124.675497
363.589918,217.134308,307.413976,136.157977,333.263762,128.257338,488.940000,94.020000,403.284714,183.628918,341.110663,226.661711,278.888022,125.678508
362.794661,217.257618,310.519262,135.957354,333.263762,130.126205,488.950000,94.000000,401.907466,186.832200,341.110663,227.901186,278.888022,127.183025
361.840353,216.641067,312.589452,135.556106,335.071677,132.462289,488.930000,94.010000,401.907466,190.302422,341.110663,228.396976,278.888022,127.183025
361.681302,214.914724,313.107000,136.157977,335.674315,135.732806,480.301941,94.787618,401.218842,194.573465,341.110663,228.644871,278.888022,127.684531
360.886046,213.804933,313.107000,136.960472,336.276953,137.134456,479.510000,95.120000,400.185906,195.908166,341.110663,229.140660,278.888022,128.687543
361.204148,213.435002,311.813131,139.769203,337.482229,140.404973,477.050309,97.456852,403.629026,200.713090,341.110663,229.636450,280.181754,130.192060
361.681302,212.818451,310.519262,141.976063,339.892781,142.273840,475.520129,98.939761,401.907466,199.645329,341.110663,230.628030,282.769217,132.198083
362.953712,212.571831,307.931524,147.994771,339.892781,144.142707,473.989949,99.829505,399.497282,199.645329,341.110663,231.619610,283.416083,134.204106
364.226123,212.448521,307.672750,154.414727,339.892781,145.544357,472.268497,101.164123,399.497282,200.446149,340.790917,234.594349,283.416083,135.708623
365.498533,212.448521,306.896429,157.624705,342.303334,145.077140,471.885952,101.757286,399.152970,202.314731,340.790917,234.842244,283.416083,137.714647
366.611892,211.955280,303.014822,159.630942,347.727077,145.077140,470.929590,102.498740,398.464346,204.183312,340.790917,237.073299,284.062948,140.222175
367.884302,211.831970,301.979726,161.637178,348.329715,145.544357,470.929590,102.647031,399.841594,207.386594,340.790917,237.321193,284.062948,140.723681
368.679558,211.462039,299.909536,163.041543,345.316525,148.347657,470.164500,103.536776,396.398474,210.589876,339.831677,238.808563,284.062948,142.729704
370.111020,211.338729,298.615667,166.050898,344.713886,150.683741,469.399410,104.278230,398.120034,210.856816,342.389649,241.287513,283.416083,143.732716
371.701533,211.215419,297.321798,166.652769,344.280000,153.170000,468.825593,104.871393,398.120034,212.191517,342.709396,241.535407,285.679119,147.102911
374.564456,211.215419,293.698965,169.260876,343.980000,155.510000,468.251775,105.464556,397.775722,213.526218,343.783022,242.707830,285.679119,147.102911
376.950225,210.845488,293.181417,171.267112,347.446051,158.506163,467.677958,105.909429,397.775722,214.327039,342.435612,244.013614,285.679119,147.279023
378.222635,210.845488,284.383108,176.082079,349.470000,160.380000,466.721595,106.947465,397.775722,215.394800,342.435612,244.274771,285.679119,148.159582
378.858840,211.092109,289.850301,177.357928,351.400000,161.370000,466.339050,107.837209,397.775722,216.729500,342.435612,245.580555,285.906276,148.864029
379.495045,211.092109,287.835464,178.920003,352.760000,162.580000,465.000143,108.726954,397.706219,232.769667,342.772464,246.886339,285.906276,149.744587
380.608404,211.092109,286.156432,183.085536,353.980000,164.600000,463.920956,109.540040,399.338513,231.345986,342.772464,247.147496,285.906276,150.801258
381.403661,211.215419,286.156432,183.085536,354.950000,166.740000,463.258312,110.464768,400.970807,236.091589,343.109317,247.930967,285.906276,151.505705
382.517020,210.475558,283.805789,187.251068,355.900000,168.770000,462.728198,111.081254,401.378881,237.357083,343.109317,248.453280,285.906276,153.090711
384.107532,209.365766,283.805789,188.552797,356.950000,170.700000,461.933026,112.108729,400.970807,239.888072,342.772464,248.714437,285.906276,154.323493
385.698045,208.379285,281.455145,192.197638,357.900000,172.860000,460.872797,113.341700,400.970807,240.204445,342.772464,249.497907,285.679119,156.084611
387.447609,208.502595,281.455145,192.457984,358.850000,174.960000,460.342682,113.958185,401.174844,242.260873,342.435612,249.759064,285.451962,156.084611
390.469584,208.502595,278.768695,193.499367,359.860000,176.810000,458.487281,115.602146,401.582917,244.475488,343.109317,252.631789,285.679119,157.141282
393.332507,208.749215,278.768695,193.499367,360.890000,178.810000,457.692109,116.424127,402.180000,246.980000,342.435612,252.892946,285.679119,159.254623
395.400173,208.872525,276.753858,194.540750,361.870000,180.850000,457.692109,116.629622,402.910000,249.160000,342.435612,253.415260,286.133433,160.311293
398.581199,209.365766,275.746439,196.883862,362.800000,182.800000,457.692109,118.068088,405.365378,254.670440,342.435612,258.377239,289.540792,164.714088
400.330763,209.612386,274.067408,201.049394,363.880000,184.760000,457.824638,118.890069,405.651981,258.225628,342.772464,259.160709,292.039522,165.770758
400.807917,209.735697,273.059989,203.652852,364.710000,186.860000,457.824638,119.609302,405.651981,262.447414,343.783022,264.645002,297.945610,167.884099
401.921276,210.105627,270.037733,207.037347,360.154062,191.692990,457.559581,120.636777,406.511790,265.558204,343.783022,264.645002,297.945610,168.236323
403.352737,210.475558,268.022896,209.380459,360.488483,189.618813,457.559581,120.636777,409.091218,266.447001,343.783022,267.256571,298.172767,170.349664
405.261352,210.722178,264.664833,211.983917,359.150798,194.285711,457.459649,122.460704,409.091218,266.891399,342.939506,266.546478,298.172767,170.349664
406.692814,211.215419,263.321608,214.066683,359.150798,196.619160,456.542421,123.961943,409.091218,268.891193,341.741809,267.939314,298.172767,171.054111
409.555737,212.078590,262.314190,216.930487,358.950000,199.120000,456.542421,123.961943,409.377821,270.668787,341.741809,268.867872,299.762868,173.343564
410.828147,212.818451,261.642577,218.752907,358.950000,201.380000,456.134765,125.463182,410.020000,272.400000,341.741809,271.653545,299.762868,173.871899
412.418660,214.051553,260.970965,220.054636,358.890000,203.100000,455.930936,126.490346,410.970000,273.930000,342.340658,273.046381,299.762868,176.689688
414.110000,214.820000,260.299352,220.835673,358.800000,204.990000,455.115623,127.596522,411.970000,275.990000,342.340658,275.832054,299.762868,178.274694
416.060000,215.680000,255.933871,222.137402,358.780000,206.930000,455.319452,128.465660,412.860000,277.970000,342.939506,279.082005,299.990025,179.683588
418.150000,216.840000,256.269677,220.054636,358.800000,208.900000,455.115623,128.939736,413.980000,279.890000,343.538355,281.403399,299.990025,181.092482
420.090000,217.750000,255.598065,221.356365,358.770000,210.980000,455.013709,129.729861,414.910000,282.000000,343.538355,284.653350,299.535711,181.796929
422.220000,218.890000,254.590646,222.918439,358.890000,212.830000,454.359614,131.477336,411.862156,286.900380,343.538355,286.046187,299.535711,184.262494
424.050000,219.770000,252.575809,224.480514,358.660000,214.950000,453.882969,132.031641,410.276993,291.289501,343.538355,287.439023,300.619202,188.230094
426.160000,220.870000,251.232584,225.521897,358.600000,217.010000,453.565205,133.017071,411.182800,293.571844,342.939506,289.296138,303.670401,191.708845
429.437147,220.833613,248.881940,225.782243,358.710000,219.040000,453.168001,133.879323,412.088607,296.732011,342.340658,289.760417,302.055061,194.352695
434.526788,220.586993,245.523878,226.823626,358.770000,221.090000,452.214710,135.234290,412.767963,299.716613,342.340658,292.546089,301.875578,196.300796
438.750000,220.390000,243.844847,227.604663,358.770000,222.900000,450.864214,136.958794,412.960000,302.720000,341.142961,293.938926,301.696096,197.553146
439.110000,219.990000,241.494203,229.947775,351.907538,226.888574,450.467009,139.237602,412.980000,305.840000,339.945263,296.260320,301.696096,198.944646
442.638403,220.093752,240.150978,232.551233,349.201323,230.851632,449.904997,141.057100,412.950000,308.680000,339.346415,296.724598,301.696096,201.031897
448.841403,220.586993,239.143559,234.894345,349.502014,235.280933,448.863511,142.325949,413.100000,311.720000,339.346415,297.653156,301.696096,202.562547
452.210000,221.020000,238.807753,237.237457,347.397180,236.679659,448.268376,144.402247,414.793393,311.372273,339.945263,301.831665,302.056299,206.430875
458.145180,221.096228,237.464528,240.101261,344.991656,238.777749,447.524458,146.017146,414.077694,314.701502,339.945263,303.224501,302.056299,207.649740
463.312426,219.275277,236.792916,241.402990,341.684060,238.777749,447.226890,148.900893,413.719844,316.643553,339.945263,304.153059,302.056299,208.259172
465.661174,218.911087,235.449691,241.923681,341.082679,240.176475,446.482972,151.207891,413.004145,319.140475,339.945263,304.153059,302.252817,209.782754
468.949421,217.636422,235.113885,242.184027,340.180607,242.041444,445.590269,153.399539,412.646295,321.914833,340.544112,305.081616,302.449336,210.849260
473.412042,216.179661,233.434853,242.444373,339.579226,245.072018,445.887837,154.437688,413.361994,323.024576,340.544112,308.331568,302.449336,212.372841
474.586416,215.815471,230.412597,242.965064,338.376464,244.838896,445.464181,156.797954,413.719844,323.024576,340.544112,308.331568,302.056299,214.505855
477.639788,215.997566,229.405179,242.965064,335.670250,247.403228,444.349562,159.822474,413.719844,323.856884,339.346415,312.045798,300.877187,217.400659
479.518787,214.722900,228.061954,244.266793,333.866106,248.568833,443.234943,162.991018,413.719844,326.076370,339.346415,312.974355,300.091112,219.533672
482.807034,213.812425,227.054535,245.568522,332.362654,252.065649,442.120323,164.863340,414.077694,329.405600,339.346415,316.688586,299.698075,220.600179
484.216283,213.630330,226.047116,248.953017,330.558511,253.231255,442.306093,166.015537,411.930595,332.457394,339.346415,319.938537,299.305038,221.819044
486.799905,212.719855,224.368085,252.337512,327.852296,254.396860,441.934553,167.743834,411.930595,333.844573,338.747566,321.795652,298.715482,223.952058
488.678904,211.809379,223.696473,254.680624,326.348843,258.359918,441.005704,169.184082,412.010000,335.980000,338.148717,326.902719,298.518963,225.780355
489.383528,211.445189,223.024860,256.503045,325.747462,259.059281,440.634164,171.488478,412.040000,337.950000,338.148717,328.295555,298.518963,227.303936
492.436901,213.994520,222.017441,258.065119,323.642629,261.856734,439.519545,174.657022,412.210000,339.990000,337.549869,331.081228,298.518963,229.741666
495.020523,211.445189,220.002604,259.627194,322.740557,262.089855,437.476076,178.833740,412.030000,341.940000,336.352172,333.866900,298.518963,230.655814
495.490273,209.806333,219.330991,259.887540,320.635723,263.255461,439.705315,178.689715,412.090000,344.020000,335.753323,335.259737,298.125926,232.179395
495.490273,208.349573,219.330991,260.408231,319.733652,264.421066,439.891085,181.426185,412.020000,345.980000,335.154474,336.652573,297.929407,234.312409
494.550774,206.164432,217.303223,263.531568,319.432961,267.451640,438.033386,184.162655,412.120000,347.990000,334.555626,339.902524,296.160739,235.988348
493.846149,205.436052,216.812982,265.051875,318.530890,270.715335,438.033386,186.179001,412.260000,350.070000,335.154474,342.688197,296.160739,236.445422
493.846149,205.436052,216.812982,266.192106,317.328128,273.046545,437.579140,188.699375,412.010000,352.010000,335.753323,344.081033,296.135357,237.160757
490.792777,202.340435,216.812982,269.042683,315.824675,273.745909,436.013474,189.989078,412.150000,354.000000,335.753323,345.473870,294.970802,238.424765
488.444029,202.340435,216.812982,270.182914,313.419151,275.843998,436.992015,192.947809,418.589961,356.106968,335.753323,346.866706,293.806247,240.772208
482.337284,201.612055,216.812982,270.943068,311.915698,277.942088,435.328496,193.554728,416.422245,358.591332,335.753323,348.723821,292.874603,242.216789
481.632660,201.065770,216.567861,272.653414,310.111555,278.641451,436.404891,195.830675,417.835973,360.710348,335.753323,350.116657,292.874603,244.022515
482.102409,201.612055,215.587379,274.173722,306.503269,284.003236,436.050532,198.709822,417.741724,361.733321,335.753323,351.509494,291.942959,246.369958
480.458286,201.612055,215.097138,275.313953,306.202578,285.635083,436.643121,201.532014,418.310000,363.380000,335.753323,353.366609,290.079671,248.536829
480.458286,201.612055,215.097138,276.644222,305.601197,287.966294,435.796564,202.844661,418.620000,364.950000,335.753323,354.759445,289.613849,251.064845
477.170039,204.161386,215.097138,278.734645,302.594292,287.500052,436.558466,206.454441,419.020000,367.010000,335.753323,357.080839,289.613849,253.954006
474.584138,204.783804,214.852017,282.535414,300.790149,288.665657,434.865352,209.079735,418.940000,368.960000,335.753323,357.080839,289.380938,254.134579
471.651515,205.238528,214.606897,284.435799,298.384625,290.996868,436.371679,213.118007,419.070000,370.970000,335.753323,357.545118,287.517650,257.384885
467.821829,205.717231,214.606897,284.625838,297.482553,292.395594,434.513691,216.186695,419.650057,375.826907,335.753323,359.402233,287.284739,257.926603
459.964945,207.817690,214.606897,286.146145,295.377720,294.260562,438.146649,219.974510,419.930000,379.020000,335.753323,359.402233,286.120184,261.538054
455.630112,212.018607,214.852017,289.756876,292.671505,295.426168,436.768631,223.373831,419.860000,381.800000,335.753323,361.723627,285.188540,262.802062
453.155448,213.680180,215.587379,292.607453,290.680000,297.580000,436.893905,227.744386,420.040000,385.100000,335.753323,367.759251,283.567846,266.126507
447.770242,216.463562,216.322741,294.697877,289.350000,299.900000,436.392807,232.503435,420.050000,387.270000,335.753323,368.223530,283.567846,266.126507
445.447211,218.018982,217.058102,296.598261,287.740000,302.010000,438.271923,236.971114,419.950000,389.870000,334.555626,375.651990,283.567846,267.330324
438.161344,217.282204,217.303223,298.498646,286.240000,303.940000,436.142259,238.427966,420.040000,392.040000,333.430225,378.690352,282.946750,268.293377
435.838314,215.972377,217.058102,301.349223,284.950000,306.000000,437.645551,242.215781,420.020000,394.090000,333.430225,381.991890,280.772914,270.941775
427.707708,220.802364,216.001441,304.892432,283.620000,308.030000,437.216488,246.758716,420.150000,396.100000,333.903389,384.559753,280.772914,271.664065
425.279086,217.118476,215.443562,306.838755,282.240000,309.790000,433.775328,249.911668,421.493139,396.481222,334.376553,385.660266,278.599078,275.275517
420.210656,222.603376,215.164622,309.217593,280.750000,312.140000,437.685738,253.064621,420.655375,396.870926,334.376553,385.660266,277.356886,277.442388
416.831703,231.854030,214.885682,312.461464,279.450000,314.040000,436.199782,257.430247,420.655375,398.040038,334.376553,387.127616,277.356886,279.850022
414.191124,236.991734,214.606742,313.326497,277.860000,316.010000,436.356198,262.766012,420.655375,400.767967,333.903389,388.961804,277.356886,281.535366
408.728581,243.418687,214.327802,316.354110,276.460000,317.990000,439.476503,265.000457,420.301472,404.406306,333.903389,390.795991,277.356886,282.257656
406.820932,246.174954,214.048862,320.030497,274.820000,319.910000,435.375204,266.211764,420.301472,404.508945,333.903389,392.263342,277.356886,285.387581
403.162704,249.914949,213.212043,322.625594,273.510000,322.160000,437.523504,268.937202,420.301472,408.922383,332.957060,394.097529,277.356886,286.350635
397.146169,256.417026,212.375223,325.436949,272.350000,324.130000,440.453003,271.056988,419.639535,411.898888,332.957060,394.464367,276.735790,288.517506
393.135145,262.071006,211.817344,327.167013,268.280764,329.063961,440.453003,272.268294,419.507148,415.285946,332.483896,395.564880,275.493598,290.925140
390.035718,268.573084,210.422644,330.410884,264.869366,332.513711,439.867103,274.993733,419.280000,418.420000,332.483896,397.765905,274.251406,293.814301
389.306441,274.509763,208.749005,332.789723,260.271394,336.653411,440.062403,279.081892,418.900000,421.200000,332.483896,398.866418,273.630310,295.258882
387.847887,280.446442,205.122788,337.979917,256.312254,341.232594,441.429503,284.381356,418.840000,423.800000,332.483896,401.067443,272.698666,297.907279
385.113099,287.655267,202.612329,343.170110,252.843802,343.182149,444.359002,286.652555,419.120000,426.230000,332.483896,401.801118,272.685939,303.752288
385.752077,298.367537,200.938690,346.846497,251.456422,345.400608,444.359002,291.952019,418.830000,428.830000,331.537567,403.268468,272.685939,303.752288
386.728540,310.142931,200.380810,348.576562,250.936154,346.408998,448.383100,296.299259,418.759252,432.230589,330.591239,405.836331,272.685939,303.752288
385.972170,319.525374,200.659750,352.252949,248.768371,350.778690,447.468664,300.269375,419.177661,433.447040,330.591239,406.936844,270.747203,306.457822
382.190321,320.111777,201.775510,356.361852,249.191587,353.456893,448.383100,305.373809,418.654649,435.798847,329.644910,412.806244,269.971709,308.562126
379.164842,325.536002,203.170209,359.173207,247.482633,355.444285,450.029085,307.217077,417.922432,437.339686,329.171746,415.007270,269.971709,308.862741
377.757880,328.632037,203.170209,360.470756,246.438272,356.033142,450.760633,311.612562,418.131637,439.772589,329.171746,419.409320,269.196214,311.568274
376.308593,333.608032,203.449149,361.984562,243.969783,360.228747,450.760633,314.448359,418.200743,443.199229,329.171746,420.142995,268.808467,313.071349
372.478333,338.102479,199.822931,371.283659,240.741758,364.203530,450.943521,318.418474,418.200743,443.327382,328.698581,421.977183,268.032973,315.776882
374.695488,344.399217,198.986111,373.446240,237.988443,366.779779,454.052603,320.545322,419.192529,446.082670,328.225417,424.911884,267.257479,317.881186
376.763563,353.217638,198.428232,375.608821,237.513733,368.178313,456.247250,326.500495,419.109880,447.620506,328.225417,426.379234,266.481984,319.384260
376.246544,360.432709,200.317340,379.110060,235.235128,371.490633,458.259009,332.030298,418.940000,450.420000,327.752253,426.379234,265.318743,321.789179
372.627412,367.246943,197.298900,383.970378,232.386871,375.170988,460.689371,337.211629,419.030000,452.990000,327.752253,427.112909,265.318743,322.991639
371.923186,374.824233,194.744836,387.660620,231.247568,379.072164,461.374425,341.460527,418.930000,455.840000,327.752253,430.047609,265.318743,324.494713
371.452196,377.176560,193.921304,392.345279,229.980000,382.270000,462.744532,344.381644,419.000000,458.980000,327.880000,432.040000,262.604512,329.905780
371.829592,381.711701,192.810316,394.929278,228.900000,385.320000,464.628429,346.638870,418.940000,461.760000,327.990000,434.050000,262.216765,330.807625
369.376518,384.198714,191.540615,399.358992,227.970000,388.220000,465.998536,350.887768,419.641317,465.729990,327.940000,435.970000,261.053524,333.513158
370.312495,387.702550,190.905765,401.942991,226.930000,391.210000,467.368643,355.667777,419.910000,468.910000,327.990000,438.090000,258.339294,344.335293
372.772558,392.210600,189.318639,404.773086,225.960000,394.350000,469.423803,360.315009,419.970000,471.830000,327.910000,440.110000,258.339294,344.335293
376.798115,395.158170,188.683789,406.741847,225.010000,397.240000,471.307700,364.563907,419.860000,474.980000,327.870000,441.970000,257.563799,344.936522
369.796678,394.878021,187.414088,410.802418,223.900000,400.520000,470.922730,368.933709,419.980000,477.970000,327.970000,444.040000,257.176052,345.537752
370.973382,399.287382,185.985675,414.247750,222.940000,404.510000,472.205756,374.155948,419.870000,481.030000,328.030000,446.120000,256.788305,347.341441
373.915141,402.328320,185.350825,417.570035,222.040000,408.170000,473.488783,379.875543,419.950000,483.760000,328.060000,447.930000,256.400558,347.942671
377.837487,406.737681,185.192112,423.230225,221.010000,411.560000,474.766496,385.240872,419.860000,487.080000,328.010000,450.100000,254.849569,350.347590
377.249135,405.673353,184.398550,427.044700,220.300000,412.100000,474.893215,384.946142,419.920000,487.670000,328.000000,450.090000,254.849569,350.347590
377.837487,410.082714,183.922412,426.552510,219.710000,415.340000,476.287120,387.500465,420.050000,490.620000,327.970000,451.760000,254.074075,352.752509
379.210308,413.427746,183.604987,427.906033,219.030000,418.400000,477.174151,391.135462,416.506783,494.351866,328.110000,454.160000,253.686327,358.764805
380.078437,415.452917,182.652711,430.120890,218.060000,421.330000,478.694775,393.002083,414.417094,496.512007,328.170000,455.930000,253.686327,358.764805
380.650581,418.197422,182.493999,432.581842,217.020000,424.500000,479.835243,398.503701,413.720530,500.022237,327.840000,457.850000,252.523086,362.071569
381.002518,424.473010,181.700436,438.488126,216.000000,428.330000,483.003210,405.184237,413.720530,502.452397,328.120000,460.110000,252.135339,362.973413
381.530423,425.427991,181.065585,440.949078,215.000000,431.540000,485.840509,411.939937,413.372249,507.852750,326.659521,460.285023,251.747591,363.574643
382.410265,430.066468,180.272023,443.410030,214.100000,435.330000,485.346631,416.075227,413.372249,510.552927,325.911805,462.024105,250.584350,365.979562
381.178486,430.339320,180.430735,449.562409,213.000000,438.400000,486.828267,422.125003,410.585997,515.953281,326.285663,463.763187,248.645614,368.083866
381.354455,433.340688,178.367472,455.714789,212.858194,445.316961,485.539257,427.650070,406.114532,519.883014,326.285663,465.212421,247.482373,370.488785
383.114139,436.342056,178.367472,456.330027,214.965634,449.401632,485.331136,432.409971,407.488907,522.250866,325.164088,469.560126,246.319131,371.991859
383.993981,439.479849,177.891334,459.775360,215.290000,452.450000,486.475797,434.830259,407.488907,524.381933,325.164088,469.560126,245.931384,372.893703
385.340003,442.667807,176.780346,464.082025,211.055380,457.525470,489.077299,437.895958,406.419948,526.986570,325.020000,472.060000,245.931384,373.494933
388.878045,447.185679,176.145496,466.173834,209.418108,460.336181,491.054440,443.301270,405.198281,529.472815,325.030000,473.820000,243.992648,376.501082
391.583607,451.380846,175.669358,467.896501,206.728305,463.962905,491.856076,450.066156,404.282031,533.024593,325.010000,475.840000,242.829406,378.304771
392.416088,454.446545,173.520299,475.639112,204.389346,468.677646,492.513838,456.355587,403.365781,535.155660,325.010000,477.980000,240.115176,382.513378
395.121650,459.287123,170.701925,480.616160,204.155450,473.573723,494.121702,460.605202,403.060365,537.168334,325.060000,479.940000,239.727429,385.820142
397.202851,463.482290,170.388772,482.437031,205.355988,476.823844,493.902448,466.951294,401.533281,542.022431,324.990000,482.040000,239.339682,389.126905
397.410971,464.773110,168.823009,487.414079,205.031865,480.216232,490.675270,474.643043,400.769739,543.087964,325.090000,483.940000,238.951935,392.433668
397.810000,467.430000,168.040127,489.234951,205.193927,482.352180,489.058383,482.701573,399.970000,546.010000,325.100000,485.980000,238.564187,393.034898
398.140000,469.520000,166.004634,496.882610,204.788773,485.053526,486.055594,489.506553,398.940000,549.120000,324.650000,488.060000,237.013199,397.544121
398.000000,472.220000,168.666432,499.310438,204.302588,489.011312,484.701503,495.979758,397.960000,552.100000,324.890000,489.610000,235.849957,404.157648
398.040000,474.740000,169.292738,504.894444,204.464650,493.094743,486.648230,500.842961,396.910000,555.220000,325.080000,492.020000,235.462210,408.366255
397.960000,477.220000,169.292738,506.958098,203.608061,496.714275,487.297140,506.041558,395.960000,558.010000,325.110000,493.840000,235.074463,409.869330
398.050000,479.930000,169.919043,508.657578,203.151887,500.120624,487.297140,512.414032,394.880000,561.270000,325.000000,496.010000,235.074463,410.470559
398.050000,482.740000,169.136161,513.391843,201.298640,504.605525,485.999321,516.606449,393.950000,563.930000,325.040000,497.670000,233.523474,413.176093
398.080000,485.880000,169.449314,515.819671,200.686223,508.305038,484.268897,522.140439,392.930000,567.120000,325.210000,500.130000,233.523474,413.476708
398.110000,488.760000,169.605890,518.854457,199.976446,511.148153,482.173433,527.196297,388.955194,572.142680,324.970000,501.930000,231.960919,419.948595
398.030000,491.870000,169.762467,520.432545,198.675187,515.658692,481.717684,533.026345,386.421366,575.697381,324.990000,504.090000,231.960919,419.948595
398.090000,494.870000,166.115385,527.770572,197.965409,518.960374,478.983186,535.853035,384.128856,578.316635,325.160000,505.970000,230.735447,424.382354
398.230000,497.960000,162.717069,537.351174,197.690000,522.360000,478.755311,539.563065,382.560296,582.432605,324.970000,508.230000,231.143938,427.549326
398.010000,500.880000,162.099193,539.267295,197.880000,520.800000,475.337188,544.333104,381.353711,583.368053,325.000000,509.910000,231.143938,428.816114
398.110000,503.920000,161.481318,541.422931,197.260000,524.290000,472.374816,550.516487,379.664493,587.484023,325.080000,512.070000,229.509974,432.616480
398.010000,506.850000,161.481318,545.255172,196.860000,527.730000,470.323942,556.876539,378.070000,590.190000,324.990000,514.080000,229.101483,434.516662
398.140000,509.970000,157.563537,548.527444,196.260000,531.380000,470.779692,561.469910,375.891090,594.514336,325.140000,515.890000,227.467520,438.950422
398.050000,512.750000,158.045164,554.128422,195.920000,534.820000,468.728818,565.886612,373.746051,598.505579,324.990000,518.120000,226.650538,443.384182
398.040000,516.010000,159.008418,557.115611,196.040000,538.240000,466.905819,569.419974,370.599994,600.390333,325.100000,520.110000,226.242047,445.284365
398.040000,518.630000,159.008418,562.716590,195.930000,541.810000,467.179236,576.783133,368.168950,604.159841,325.050000,522.120000,225.833556,448.134639
397.910000,521.350000,160.453299,566.077177,196.040000,545.230000,463.658273,580.505523,365.451900,607.042406,324.930000,523.960000,225.016575,453.518490
398.010000,523.840000,160.230000,569.980000,195.960000,548.900000,459.817222,585.716869,365.022892,609.924971,324.920000,526.130000,224.608084,454.468581
397.940000,526.120000,160.060000,574.030000,196.000000,552.950000,460.457398,590.431896,364.593884,612.585800,325.100000,528.130000,224.608084,457.002158
397.930000,528.210000,160.010000,578.000000,195.900000,556.850000,457.576610,595.643241,361.135240,616.175641,325.080000,530.170000,224.608084,458.268947
398.030000,530.220000,160.070000,581.840000,196.010000,560.950000,453.735559,601.599065,360.532629,618.862020,324.970000,532.040000,225.016575,458.902341
397.970000,532.080000,160.090000,585.990000,196.020000,564.920000,450.214596,606.065932,359.478058,620.964404,325.010000,534.030000,225.016575,460.802524
397.930000,534.420000,160.090000,590.100000,195.900000,568.920000,448.374782,609.079819,358.272834,622.482792,324.930000,536.540000,225.016575,461.119221
398.100000,536.750000,160.110000,594.050000,196.010000,573.010000,447.475551,611.694172,355.259775,626.103563,325.070000,539.080000,225.425066,465.236283
397.940000,539.300000,160.180000,598.100000,196.020000,576.860000,443.653820,615.005686,353.753246,631.125924,325.040000,541.190000,225.425066,465.552980
398.040000,541.830000,160.170000,602.020000,196.020000,581.010000,440.731319,619.362942,352.246716,633.461906,325.130000,543.150000,225.425066,466.819769
397.940000,544.340000,160.220000,605.980000,196.050000,584.940000,436.459973,623.197327,352.548022,636.849079,325.060000,545.150000,225.016575,471.253529
398.070000,546.860000,160.280000,610.040000,196.000000,588.950000,435.785549,627.903162,346.823210,640.236252,325.040000,547.080000,224.608084,473.153711
397.850000,549.190000,160.230000,614.060000,196.010000,592.940000,431.963818,630.517516,346.220598,643.740225,325.020000,549.390000,222.974121,478.220865
398.090000,551.910000,160.450000,617.950000,196.130000,596.950000,428.591702,634.700481,345.617986,646.426604,325.020000,551.180000,222.974121,480.437745
398.020000,554.900000,160.790000,621.880000,196.160000,600.940000,425.219586,638.186285,343.810151,651.098567,324.980000,553.310000,222.974121,481.704534
398.050000,557.790000,161.240000,625.990000,196.090000,604.950000,423.609246,641.961636,343.810151,654.368941,325.000000,555.130000,222.974121,486.454991
398.020000,560.940000,161.640000,629.860000,196.230000,608.990000,420.942666,644.899466,342.890000,657.780000,325.070000,557.720000,222.974121,487.088385
397.990000,563.970000,162.250000,633.940000,196.060000,612.910000,417.574353,647.075636,341.850000,661.770000,325.060000,560.190000,222.565630,489.621962
398.060000,566.890000,162.600000,638.010000,196.180000,616.950000,413.644655,651.101552,340.890000,665.890000,324.730000,562.740000,222.484437,492.620989
397.990000,569.890000,165.269570,639.636695,204.852135,623.166001,410.416689,653.930573,339.940000,669.820000,324.870000,565.210000,221.516162,495.123287
398.010000,572.910000,167.196078,643.744079,190.441958,631.350144,407.329069,657.194829,339.010000,673.890000,324.890000,567.720000,222.161678,501.128803
398.010000,575.950000,170.085840,646.731268,190.490000,634.950000,403.539718,661.329553,337.890000,677.920000,324.730000,570.180000,220.870646,507.634778
398.090000,578.950000,172.012348,650.838652,190.270000,638.910000,402.276601,661.655978,336.980000,681.820000,325.010000,572.760000,220.870646,507.634778
397.970000,581.940000,172.012348,654.946037,190.250000,642.970000,401.013483,663.614532,335.980000,685.890000,325.010000,575.460000,221.516162,508.885927
398.060000,584.770000,171.530721,659.800218,190.280000,646.990000,399.750366,665.790702,335.599306,690.359695,325.040000,577.730000,221.516162,512.138915
398.040000,587.980000,170.567467,661.293812,190.270000,651.010000,396.812823,670.269512,334.910000,694.140000,324.970000,580.410000,221.516162,516.392822
397.980000,590.940000,171.420000,664.530000,190.330000,654.910000,394.470000,673.820000,333.950000,697.960000,324.930000,582.960000,221.516162,519.395580
398.000000,593.960000,171.930000,668.490000,190.310000,659.080000,392.050000,677.170000,332.970000,701.790000,324.980000,585.890000,220.870646,522.148108
398.060000,596.890000,172.550000,671.940000,190.330000,663.030000,389.930000,680.860000,331.950000,705.890000,324.860000,589.020000,220.547887,526.902475
398.030000,599.850000,173.750000,675.330000,190.130000,666.940000,388.080000,684.230000,331.000000,709.910000,324.970000,591.320000,218.611338,529.154543
398.000000,602.980000,174.820000,678.820000,190.430000,671.010000,386.310000,687.660000,329.890000,713.930000,325.070000,594.280000,221.516162,536.661438
397.990000,605.960000,176.030000,682.250000,190.810000,674.820000,384.580000,691.370000,329.099135,716.905528,324.990000,596.790000,221.838920,538.663277
398.050000,608.960000,177.000000,685.980000,191.500000,679.070000,383.100000,695.010000,327.535137,719.734799,325.000000,600.010000,221.516162,541.415805
398.020000,611.910000,177.850000,689.930000,192.240000,682.990000,381.790000,698.800000,324.636694,724.438556,325.020000,602.760000,222.161678,543.667873
398.701105,609.392028,178.830000,693.930000,192.730000,686.940000,380.240000,702.950000,324.520843,726.863646,325.020000,605.970000,222.807195,544.418563
399.591906,613.190468,179.900000,697.720000,193.380000,690.860000,378.720000,706.910000,322.551364,729.648009,325.040000,608.950000,223.452711,546.920861
407.163717,620.787349,180.990000,702.040000,205.743053,689.869354,377.090000,711.060000,321.045292,734.318552,325.060000,612.040000,223.775469,549.673389
412.953926,629.074856,181.880000,706.050000,NaN,NaN,375.580000,715.000000,319.150000,738.150000,325.020000,614.840000,223.452711,555.678905
419.189535,634.945173,182.920000,709.770000,209.273539,698.628188,374.380000,719.030000,317.270000,741.970000,324.950000,618.190000,223.452711,558.181203
417.407932,635.290485,183.680000,713.890000,208.280000,703.750000,372.580000,723.040000,315.190000,746.230000,325.000000,620.840000,224.098228,559.682582
419.634936,638.398300,184.670000,718.050000,207.830000,708.660000,371.180000,727.080000,313.280000,749.980000,324.770000,624.060000,224.743744,562.184880
422.307340,642.196741,185.830000,721.750000,207.740000,713.430000,370.130000,731.120000,313.079468,753.416843,325.030000,626.900000,224.743744,564.186719
425.870545,645.304556,186.890000,725.920000,208.170000,717.380000,368.720000,735.030000,314.452525,755.120061,324.880000,630.630000,224.104775,569.508673
432.106154,650.138934,187.760000,729.840000,208.220000,721.420000,367.560000,739.320000,313.628691,762.571641,325.040000,633.910000,225.011509,573.257887
439.232565,655.318626,188.960000,733.780000,208.290000,725.000000,366.450000,743.790000,311.981022,768.320003,324.970000,637.180000,225.615998,577.475752
448.585978,659.117066,189.700000,737.910000,208.270000,728.930000,364.800000,748.560000,314.177913,770.661928,325.080000,640.090000,225.011509,579.584685
454.376187,663.606132,190.900000,741.610000,208.530000,732.950000,363.740000,753.390000,314.620000,774.170000,324.950000,643.460000,224.709265,581.693618
460.166395,668.095198,191.700000,745.750000,209.380000,736.890000,362.640000,757.800000,314.720000,777.840000,324.970000,646.020000,224.709265,584.739855
460.611796,669.821762,192.800000,749.720000,209.660000,740.820000,362.070000,762.270000,314.900000,781.180000,325.040000,649.410000,224.709265,585.677158
461.502597,671.203013,193.550000,753.750000,210.280000,744.960000,360.820000,766.850000,314.620000,784.880000,324.990000,652.280000,224.709265,589.192046
465.065803,677.763956,194.470000,757.850000,210.630000,748.710000,359.990000,771.330000,314.191305,790.193408,324.950000,655.710000,225.011509,595.753171
466.402005,682.598334,194.610000,761.510000,211.210000,752.800000,359.000000,775.750000,312.091712,794.604179,324.860000,658.870000,224.104775,598.096429
467.738207,684.324898,195.300000,765.510000,218.622831,750.386893,357.630000,780.080000,310.290000,799.050000,324.970000,662.090000,223.802531,605.126205
468.629008,687.087400,195.780000,769.230000,215.217263,758.547784,356.740000,784.170000,308.110000,803.660000,324.990000,665.050000,224.727848,608.029538
471.301412,689.849902,196.100000,772.950000,214.907666,761.908151,355.870000,788.260000,308.038907,806.575262,324.950000,668.080000,223.878744,610.443298
472.192213,689.849902,196.240000,776.690000,217.384443,768.628885,355.000000,792.160000,307.557280,809.189052,324.940000,671.060000,223.878744,614.393087
476.646220,691.576466,196.240000,780.340000,217.640000,772.380000,353.730000,796.220000,306.754568,812.674105,325.010000,674.240000,225.293918,615.709683
479.318624,694.338968,196.210000,783.770000,218.030000,776.220000,353.060000,800.260000,304.346433,815.412362,324.980000,677.030000,224.444814,620.098338
483.327230,696.065532,196.380000,787.330000,218.010000,779.850000,352.345032,810.461856,303.864806,819.395280,325.000000,680.050000,224.444814,621.195502
482.881829,697.792096,196.450000,790.770000,218.030000,783.960000,351.238435,817.325283,304.506976,822.631401,324.940000,683.090000,226.426056,625.584156
484.218031,700.209285,196.530000,794.080000,218.050000,787.780000,350.120000,821.380000,303.062094,825.743055,324.980000,686.100000,224.727848,630.411676
484.663432,701.935849,197.120000,797.370000,218.010000,791.730000,348.920000,825.460000,303.621149,831.696729,324.960000,689.200000,225.293918,632.825437
490.453640,705.734290,197.330000,800.540000,218.030000,795.850000,347.980000,829.420000,303.621149,836.269709,324.910000,691.830000,225.293918,633.483735
493.571445,704.698351,197.240000,804.320000,217.990000,799.730000,347.030000,833.390000,302.955196,839.146261,324.960000,695.080000,225.293918,635.897495
494.462246,704.698351,197.140000,807.650000,217.960000,803.980000,346.160000,837.150000,302.860060,842.834148,324.890000,698.800000,225.293918,638.311255
497.580051,708.496792,196.910000,811.440000,218.000000,807.670000,345.030000,841.350000,301.337880,845.120638,324.950000,702.150000,225.859987,640.066717
497.580051,708.496792,197.080000,814.330000,218.040000,811.300000,344.180000,845.170000,300.862199,849.619860,324.850000,705.870000,226.143022,644.674804
500.252455,709.532730,197.290000,817.180000,218.080000,814.660000,343.130000,849.150000,300.671927,854.782902,324.970000,709.110000,226.143022,645.113670
501.143256,711.949919,197.110000,820.170000,218.050000,818.410000,342.180000,853.150000,298.908546,858.325094,324.940000,712.280000,226.143022,646.430266
502.034057,711.949919,197.100000,823.150000,217.990000,821.700000,341.020000,857.240000,298.808320,860.112278,324.930000,715.070000,226.992126,652.793815
504.706461,715.057734,197.020000,826.380000,217.990000,825.360000,340.210000,861.110000,297.605610,864.774495,324.890000,718.320000,227.841230,654.768710
504.706461,718.510862,197.010000,829.190000,218.020000,828.760000,339.180000,865.270000,297.505385,869.203602,324.940000,721.120000,229.192509,658.426889
503.370259,721.963990,196.640000,832.330000,217.900000,832.280000,338.130000,869.020000,298.077465,872.355465,324.830000,724.110000,228.297980,662.356812
504.261060,723.345241,196.830000,835.070000,217.920000,835.730000,337.110000,873.180000,298.315038,874.504306,324.850000,727.100000,228.297980,662.819156
503.815660,726.798368,196.990000,838.070000,217.930000,839.300000,336.130000,877.280000,298.473419,877.635475,324.890000,730.120000,227.999804,666.749078
504.261060,730.251496,197.010000,841.170000,217.880000,842.820000,335.340000,881.170000,299.349258,882.273903,324.890000,733.140000,227.999804,667.211422
504.261060,730.251496,196.970000,844.050000,218.010000,846.330000,334.720000,885.000000,298.485062,884.188186,324.940000,736.130000,227.999804,670.910173
506.933464,733.013998,196.980000,846.990000,217.910000,849.700000,334.220000,889.280000,297.373952,886.772467,324.930000,739.010000,227.999804,671.141345
507.378865,734.049937,197.000000,850.120000,218.190000,853.340000,333.830000,893.030000,296.490000,890.310000,323.990000,742.550000,227.701627,676.458300
510.942070,739.574941,197.070000,852.970000,217.970000,856.710000,331.835963,903.520707,295.980000,893.620000,323.920000,746.010000,227.701627,678.770019
510.942070,740.610879,196.910000,856.050000,218.080000,860.110000,331.240000,908.430000,295.430000,897.400000,323.740000,748.990000,227.999804,683.855802
510.496670,743.028068,196.940000,859.040000,218.010000,863.780000,330.140000,913.260000,294.970000,900.670000,323.710000,752.270000,227.105274,685.705177
510.496670,748.553073,196.820000,862.130000,218.000000,867.240000,329.220000,917.540000,294.390000,904.430000,323.720000,755.200000,227.105274,690.097444
510.496670,749.589011,196.900000,865.090000,218.030000,870.870000,328.280000,922.180000,294.040000,907.630000,323.750000,758.150000,227.403451,691.946819
514.059875,747.517134,196.850000,867.990000,218.070000,874.250000,327.270000,926.660000,297.497409,911.562428,323.930000,761.160000,225.912569,695.876742
514.059875,747.517134,196.930000,871.050000,218.070000,877.780000,326.310000,931.440000,297.898555,916.323062,323.950000,764.080000,225.912569,696.801430
517.177680,752.696826,196.870000,873.890000,218.070000,881.180000,330.350667,936.045924,298.412377,917.836826,323.930000,767.140000,225.018039,701.656040
517.177680,755.459328,196.950000,877.110000,217.980000,884.910000,330.450000,940.610000,297.590262,920.784683,323.920000,770.130000,225.614392,706.510651
517.177680,755.804641,196.820000,880.020000,218.060000,888.850000,330.660000,945.190000,297.693026,924.210572,323.780000,773.290000,225.496064,710.942658
517.177680,755.804641,196.890000,882.960000,218.030000,892.820000,331.070000,949.490000,298.206848,927.317772,323.770000,776.080000,225.496064,713.682473
518.513881,756.840579,196.750000,886.030000,218.030000,896.910000,331.110000,953.290000,298.001319,931.460707,323.780000,779.130000,224.789276,715.326362
519.404683,759.603081,196.720000,888.970000,218.000000,900.830000,331.040000,957.130000,300.775960,936.161344,323.770000,782.660000,222.197718,719.344759
519.404683,762.365583,196.880000,891.980000,218.020000,904.570000,331.090000,961.200000,301.700840,939.427889,323.870000,785.960000,222.197718,720.623339
519.404683,762.365583,196.810000,894.990000,218.050000,908.310000,331.040000,964.970000,301.830991,943.957474,323.780000,789.790000,220.784140,723.728463
519.404683,764.437460,196.850000,897.960000,218.020000,911.600000,331.070000,969.020000,301.574370,946.444411,323.490000,793.830000,221.726525,726.468279
523.858689,770.307777,196.720000,900.990000,217.990000,915.020000,331.110000,972.970000,299.264778,954.999471,322.920000,797.860000,222.433314,734.139762
524.098620,770.268367,196.920000,901.400000,232.245104,914.109541,332.128278,975.274456,299.008156,954.303129,NaN,NaN,216.333534,739.467196
